data_prevista,etapa,mensagem_sugerida,status,data_real,sha_real
2026-09-29,HTML,feat(html): criar estrutura semantica do portal,planejado,,
2026-10-01,HTML,feat(html): adicionar formulario e midias,planejado,,
2026-10-03,HTML,docs(html): registrar validacao e evidencias,planejado,,
2026-10-06,CSS,feat(css): estilizar portal de servicos,planejado,,
2026-10-08,CSS,feat(css): adaptar layout para celular,planejado,,
2026-10-10,CSS,docs(css): registrar testes de responsividade,planejado,,
2026-10-13,Lógica: fundamentos,feat(logica): implementar calculadora de orcamento,planejado,,
2026-10-15,Lógica: fundamentos,test(logica): registrar casos de mesa,planejado,,
2026-10-17,Lógica: fundamentos,fix(logica): validar valores de entrada,planejado,,
2026-10-20,Lógica: estruturas,feat(logica): calcular estatisticas com vetores,planejado,,
2026-10-22,Lógica: estruturas,feat(logica): organizar horas em matriz,planejado,,
2026-10-24,Lógica: estruturas,refactor(logica): extrair funcoes reutilizaveis,planejado,,
2026-10-27,JavaScript: fundamentos,feat(js): implementar calculadoras,planejado,,
2026-10-29,JavaScript: fundamentos,feat(js): adicionar confirmacao e repeticao,planejado,,
2026-10-31,JavaScript: fundamentos,test(js): verificar calculos e limites,planejado,,
2026-11-03,JavaScript: interface,feat(js): validar formulario com eventos,planejado,,
2026-11-05,JavaScript: interface,feat(js): adicionar filtros e transformacao,planejado,,
2026-11-07,JavaScript: interface,docs(js): comparar biblioteca e solucao nativa,planejado,,
2026-11-10,Banco de dados,docs(db): desenhar modelo entidade relacionamento,planejado,,
2026-11-12,Banco de dados,docs(db): justificar normalizacao,planejado,,
2026-11-14,Banco de dados,feat(db): adicionar esquema e dados de exemplo,planejado,,
2026-11-17,Projeto de sistemas,docs(sistemas): especificar requisitos e aceite,planejado,,
2026-11-19,Projeto de sistemas,docs(sistemas): adicionar diagramas UML,planejado,,
2026-11-21,Projeto de sistemas,docs(sistemas): mapear requisitos para telas,planejado,,
2026-11-24,Final: base visual,feat(devtrack): criar telas e navegacao,planejado,,
2026-11-26,Final: base visual,feat(devtrack): implementar formularios,planejado,,
2026-11-28,Final: base visual,style(devtrack): adaptar telas para celular,planejado,,
2026-12-01,Final: funcionalidades,feat(devtrack): cadastrar projetos e tarefas,planejado,,
2026-12-03,Final: funcionalidades,feat(devtrack): persistir dados com indexeddb,planejado,,
2026-12-05,Final: funcionalidades,feat(devtrack): filtrar tarefas e calcular progresso,planejado,,
2026-12-08,Final: qualidade,feat(devtrack): exportar e importar dados,planejado,,
2026-12-10,Final: qualidade,fix(devtrack): tratar dados invalidos,planejado,,
2026-12-12,Final: qualidade,test(devtrack): verificar fluxo completo,planejado,,
2026-12-15,Final: apresentação,docs(devtrack): publicar manual e capturas,planejado,,
2026-12-17,Final: apresentação,docs(portfolio): registrar aprendizados,planejado,,
2026-12-19,Final: apresentação,chore(release): preparar versao 1.0.0,planejado,,
